user_id,journey_id,event_seq_in_journey,event_timestamp,channel,event_type,conversion_type,is_touch,is_target_conversion,touch_seq,touches_in_journey,journey_converted
u0001,u0001_j0,1,2026-02-05 22:00:00,Paid Search,session,,True,False,1.0,8,False
u0001,u0001_j0,2,2026-02-05 22:02:00,Paid Search,session,,True,False,2.0,8,False
u0001,u0001_j0,3,2026-02-05 22:25:00,Paid Search,session,,True,False,3.0,8,False
u0001,u0001_j0,4,2026-03-12 23:00:00,Email,session,,True,False,4.0,8,False
u0001,u0001_j0,5,2026-03-12 23:07:00,Email,session,,True,False,5.0,8,False
u0001,u0001_j0,6,2026-03-12 23:17:00,Email,session,,True,False,6.0,8,False
u0001,u0001_j0,7,2026-04-09 23:00:00,Display,session,,True,False,7.0,8,False
u0001,u0001_j0,8,2026-04-09 23:03:00,Display,session,,True,False,8.0,8,False
u0002,u0002_j0,1,2025-10-30 21:00:00,ILS,session,,True,False,1.0,4,False
u0002,u0002_j0,2,2025-10-30 21:08:00,ILS,session,,True,False,2.0,4,False
u0002,u0002_j0,3,2025-11-17 09:00:00,Paid Social,session,,True,False,3.0,4,False
u0002,u0002_j0,4,2025-11-17 09:02:00,Paid Social,session,,True,False,4.0,4,False
u0003,u0003_j0,1,2026-01-14 09:00:00,Paid Social,session,,True,False,1.0,3,True
u0003,u0003_j0,2,2026-01-14 09:03:00,Paid Social,session,,True,False,2.0,3,True
u0003,u0003_j0,3,2026-01-14 09:17:00,Paid Social,session,,True,False,3.0,3,True
u0003,u0003_j0,4,2026-01-20 18:00:00,Paid Social,conversion,lead,False,True,,3,True
u0003,u0003_j1,1,2026-01-24 19:00:00,Paid Social,conversion,tour,False,False,,4,False
u0003,u0003_j1,2,2026-01-29 00:00:00,Paid Social,conversion,tour,False,False,,4,False
u0003,u0003_j1,3,2026-02-07 11:00:00,Paid Social,session,,True,False,1.0,4,False
u0003,u0003_j1,4,2026-02-07 11:06:00,Paid Social,session,,True,False,2.0,4,False
u0003,u0003_j1,5,2026-03-03 16:00:00,Display,session,,True,False,3.0,4,False
u0003,u0003_j1,6,2026-03-03 16:01:00,Display,session,,True,False,4.0,4,False
u0004,u0004_j0,1,2025-11-02 00:00:00,Organic,session,,True,False,1.0,10,False
u0004,u0004_j0,2,2025-11-02 00:07:00,Organic,session,,True,False,2.0,10,False
u0004,u0004_j0,3,2025-12-02 02:00:00,Organic,session,,True,False,3.0,10,False
u0004,u0004_j0,4,2025-12-02 02:03:00,Organic,session,,True,False,4.0,10,False
u0004,u0004_j0,5,2025-12-19 04:00:00,Direct,session,,True,False,5.0,10,False
u0004,u0004_j0,6,2025-12-19 04:02:00,Direct,session,,True,False,6.0,10,False
u0004,u0004_j0,7,2025-12-19 04:14:00,Direct,session,,True,False,7.0,10,False
u0004,u0004_j0,8,2026-01-04 15:00:00,Display,session,,True,False,8.0,10,False
u0004,u0004_j0,9,2026-01-04 15:02:00,Display,session,,True,False,9.0,10,False
u0004,u0004_j0,10,2026-01-04 15:23:00,Display,session,,True,False,10.0,10,False
u0005,u0005_j0,1,2025-05-11 09:00:00,Paid Social,session,,True,False,1.0,3,False
u0005,u0005_j0,2,2025-05-11 09:08:00,Paid Social,session,,True,False,2.0,3,False
u0005,u0005_j0,3,2025-05-11 09:17:00,Paid Social,session,,True,False,3.0,3,False
u0006,u0006_j0,1,2025-06-04 08:00:00,Organic,session,,True,False,1.0,11,False
u0006,u0006_j0,2,2025-06-04 08:06:00,Organic,session,,True,False,2.0,11,False
u0006,u0006_j0,3,2025-06-04 08:12:00,Organic,session,,True,False,3.0,11,False
u0006,u0006_j0,4,2025-12-04 08:00:00,Organic,session,,True,False,4.0,11,False
u0006,u0006_j0,5,2025-12-04 08:03:00,Organic,session,,True,False,5.0,11,False
u0006,u0006_j0,6,2025-12-10 09:00:00,Paid Social,session,,True,False,6.0,11,False
u0006,u0006_j0,7,2025-12-10 09:05:00,Paid Social,session,,True,False,7.0,11,False
u0006,u0006_j0,8,2026-01-11 10:00:00,Email,session,,True,False,8.0,11,False
u0006,u0006_j0,9,2026-01-11 10:04:00,Email,session,,True,False,9.0,11,False
u0006,u0006_j0,10,2026-02-15 22:00:00,Organic,session,,True,False,10.0,11,False
u0006,u0006_j0,11,2026-02-15 22:08:00,Organic,session,,True,False,11.0,11,False
u0007,u0007_j0,1,2025-10-26 08:00:00,ILS,session,,True,False,1.0,3,False
u0007,u0007_j0,2,2025-10-26 08:04:00,ILS,session,,True,False,2.0,3,False
u0007,u0007_j0,3,2025-10-26 08:10:00,ILS,session,,True,False,3.0,3,False
u0008,u0008_j0,1,2025-10-20 05:00:00,Paid Social,session,,True,False,1.0,3,True
u0008,u0008_j0,2,2025-10-20 05:02:00,Paid Social,session,,True,False,2.0,3,True
u0008,u0008_j0,3,2025-10-20 05:15:00,Paid Social,session,,True,False,3.0,3,True
u0008,u0008_j0,4,2025-11-02 19:00:00,Paid Social,conversion,lead,False,True,,3,True
u0008,u0008_j1,1,2025-11-16 08:00:00,Email,session,,True,False,1.0,7,False
u0008,u0008_j1,2,2025-11-16 08:07:00,Email,session,,True,False,2.0,7,False
u0008,u0008_j1,3,2025-11-16 08:23:00,Email,session,,True,False,3.0,7,False
u0008,u0008_j1,4,2025-11-18 06:00:00,Email,conversion,tour,False,False,,7,False
u0008,u0008_j1,5,2025-11-21 07:00:00,Email,conversion,tour,False,False,,7,False
u0008,u0008_j1,6,2025-11-23 09:00:00,Direct,session,,True,False,4.0,7,False
u0008,u0008_j1,7,2025-11-23 09:08:00,Direct,session,,True,False,5.0,7,False
u0008,u0008_j1,8,2025-11-27 07:00:00,Direct,conversion,application,False,False,,7,False
u0008,u0008_j1,9,2025-12-21 14:00:00,Display,session,,True,False,6.0,7,False
u0008,u0008_j1,10,2025-12-21 14:01:00,Display,session,,True,False,7.0,7,False
u0009,u0009_j0,1,2026-01-01 21:00:00,Organic,session,,True,False,1.0,13,False
u0009,u0009_j0,2,2026-01-01 21:05:00,Organic,session,,True,False,2.0,13,False
u0009,u0009_j0,3,2026-01-01 21:24:00,Organic,session,,True,False,3.0,13,False
u0009,u0009_j0,4,2026-01-05 23:00:00,Direct,session,,True,False,4.0,13,False
u0009,u0009_j0,5,2026-01-05 23:04:00,Direct,session,,True,False,5.0,13,False
u0009,u0009_j0,6,2026-01-30 23:00:00,Email,session,,True,False,6.0,13,False
u0009,u0009_j0,7,2026-01-30 23:06:00,Email,session,,True,False,7.0,13,False
u0009,u0009_j0,8,2026-01-30 23:24:00,Email,session,,True,False,8.0,13,False
u0009,u0009_j0,9,2026-02-25 03:00:00,Email,session,,True,False,9.0,13,False
u0009,u0009_j0,10,2026-02-25 03:01:00,Email,session,,True,False,10.0,13,False
u0009,u0009_j0,11,2026-06-16 03:00:00,Organic,session,,True,False,11.0,13,False
u0009,u0009_j0,12,2026-06-16 03:04:00,Organic,session,,True,False,12.0,13,False
u0009,u0009_j0,13,2026-06-16 03:13:00,Organic,session,,True,False,13.0,13,False
u0010,u0010_j0,1,2026-01-12 09:00:00,ILS,session,,True,False,1.0,5,False
u0010,u0010_j0,2,2026-01-12 09:04:00,ILS,session,,True,False,2.0,5,False
u0010,u0010_j0,3,2026-01-12 09:14:00,ILS,session,,True,False,3.0,5,False
u0010,u0010_j0,4,2026-01-21 14:00:00,Organic,session,,True,False,4.0,5,False
u0010,u0010_j0,5,2026-01-21 14:01:00,Organic,session,,True,False,5.0,5,False
u0011,u0011_j0,1,2025-12-27 07:00:00,Paid Search,session,,True,False,1.0,3,True
u0011,u0011_j0,2,2025-12-27 07:06:00,Paid Search,session,,True,False,2.0,3,True
u0011,u0011_j0,3,2025-12-27 07:17:00,Paid Search,session,,True,False,3.0,3,True
u0011,u0011_j0,4,2026-01-15 14:00:00,Paid Search,conversion,lead,False,True,,3,True
u0012,u0012_j0,1,2026-01-23 08:00:00,Paid Social,session,,True,False,1.0,9,False
u0012,u0012_j0,2,2026-01-23 08:01:00,Paid Social,session,,True,False,2.0,9,False
u0012,u0012_j0,3,2026-01-23 08:13:00,Paid Social,session,,True,False,3.0,9,False
u0012,u0012_j0,4,2026-02-09 10:00:00,Email,session,,True,False,4.0,9,False
u0012,u0012_j0,5,2026-02-09 10:03:00,Email,session,,True,False,5.0,9,False
u0012,u0012_j0,6,2026-02-09 10:10:00,Email,session,,True,False,6.0,9,False
u0012,u0012_j0,7,2026-03-10 18:00:00,Organic,session,,True,False,7.0,9,False
u0012,u0012_j0,8,2026-03-10 18:06:00,Organic,session,,True,False,8.0,9,False
u0012,u0012_j0,9,2026-03-10 18:16:00,Organic,session,,True,False,9.0,9,False
u0013,u0013_j0,1,2025-05-08 03:00:00,Email,session,,True,False,1.0,6,True
u0013,u0013_j0,2,2025-05-08 03:08:00,Email,session,,True,False,2.0,6,True
u0013,u0013_j0,3,2025-05-08 03:23:00,Email,session,,True,False,3.0,6,True
u0013,u0013_j0,4,2025-05-10 05:00:00,Organic,session,,True,False,4.0,6,True
u0013,u0013_j0,5,2025-05-10 05:04:00,Organic,session,,True,False,5.0,6,True
u0013,u0013_j0,6,2025-05-10 05:15:00,Organic,session,,True,False,6.0,6,True
u0013,u0013_j0,7,2025-05-29 11:00:00,Organic,conversion,lead,False,True,,6,True
u0013,u0013_j1,1,2025-06-01 17:00:00,Organic,session,,True,False,1.0,4,False
u0013,u0013_j1,2,2025-06-01 17:02:00,Organic,session,,True,False,2.0,4,False
u0013,u0013_j1,3,2025-06-08 06:00:00,Organic,conversion,tour,False,False,,4,False
u0013,u0013_j1,4,2025-06-11 10:00:00,Organic,conversion,tour,False,False,,4,False
u0013,u0013_j1,5,2025-06-29 05:00:00,Direct,session,,True,False,3.0,4,False
u0013,u0013_j1,6,2025-06-29 05:06:00,Direct,session,,True,False,4.0,4,False
u0014,u0014_j0,1,2025-10-08 07:00:00,ILS,session,,True,False,1.0,2,True
u0014,u0014_j0,2,2025-10-08 07:07:00,ILS,session,,True,False,2.0,2,True
u0014,u0014_j0,3,2025-10-28 00:00:00,ILS,conversion,lead,False,True,,2,True
u0014,u0014_j1,1,2025-10-29 13:00:00,Direct,session,,True,False,1.0,10,False
u0014,u0014_j1,2,2025-10-29 13:07:00,Direct,session,,True,False,2.0,10,False
u0014,u0014_j1,3,2025-10-29 13:15:00,Direct,session,,True,False,3.0,10,False
u0014,u0014_j1,4,2026-05-01 13:00:00,ILS,session,,True,False,4.0,10,False
u0014,u0014_j1,5,2026-05-01 13:05:00,ILS,session,,True,False,5.0,10,False
u0014,u0014_j1,6,2026-05-21 21:00:00,Direct,session,,True,False,6.0,10,False
u0014,u0014_j1,7,2026-05-21 21:03:00,Direct,session,,True,False,7.0,10,False
u0014,u0014_j1,8,2026-06-11 07:00:00,Organic,session,,True,False,8.0,10,False
u0014,u0014_j1,9,2026-06-11 07:05:00,Organic,session,,True,False,9.0,10,False
u0014,u0014_j1,10,2026-06-11 07:22:00,Organic,session,,True,False,10.0,10,False
u0015,u0015_j0,1,2025-09-07 02:00:00,ILS,session,,True,False,1.0,10,False
u0015,u0015_j0,2,2025-09-07 02:02:00,ILS,session,,True,False,2.0,10,False
u0015,u0015_j0,3,2025-09-18 12:00:00,Paid Search,session,,True,False,3.0,10,False
u0015,u0015_j0,4,2025-09-18 12:05:00,Paid Search,session,,True,False,4.0,10,False
u0015,u0015_j0,5,2025-09-18 12:15:00,Paid Search,session,,True,False,5.0,10,False
u0015,u0015_j0,6,2025-09-24 16:00:00,Direct,session,,True,False,6.0,10,False
u0015,u0015_j0,7,2025-09-24 16:04:00,Direct,session,,True,False,7.0,10,False
u0015,u0015_j0,8,2025-10-28 02:00:00,Email,session,,True,False,8.0,10,False
u0015,u0015_j0,9,2025-10-28 02:08:00,Email,session,,True,False,9.0,10,False
u0015,u0015_j0,10,2025-10-28 02:15:00,Email,session,,True,False,10.0,10,False
u0016,u0016_j0,1,2025-10-17 07:00:00,Paid Social,session,,True,False,1.0,9,False
u0016,u0016_j0,2,2025-10-17 07:03:00,Paid Social,session,,True,False,2.0,9,False
u0016,u0016_j0,3,2025-11-20 14:00:00,Paid Search,session,,True,False,3.0,9,False
u0016,u0016_j0,4,2025-11-20 14:06:00,Paid Search,session,,True,False,4.0,9,False
u0016,u0016_j0,5,2025-11-24 22:00:00,Display,session,,True,False,5.0,9,False
u0016,u0016_j0,6,2025-11-24 22:08:00,Display,session,,True,False,6.0,9,False
u0016,u0016_j0,7,2025-12-10 23:00:00,Paid Search,session,,True,False,7.0,9,False
u0016,u0016_j0,8,2025-12-10 23:08:00,Paid Search,session,,True,False,8.0,9,False
u0016,u0016_j0,9,2025-12-10 23:16:00,Paid Search,session,,True,False,9.0,9,False
u0017,u0017_j0,1,2025-05-28 02:00:00,Paid Social,session,,True,False,1.0,3,True
u0017,u0017_j0,2,2025-05-28 02:03:00,Paid Social,session,,True,False,2.0,3,True
u0017,u0017_j0,3,2025-05-28 02:21:00,Paid Social,session,,True,False,3.0,3,True
u0017,u0017_j0,4,2025-06-07 13:00:00,Paid Social,conversion,lead,False,True,,3,True
u0017,u0017_j1,1,2025-10-05 02:00:00,Paid Social,session,,True,False,1.0,5,False
u0017,u0017_j1,2,2025-10-05 02:07:00,Paid Social,session,,True,False,2.0,5,False
u0017,u0017_j1,3,2025-10-09 05:00:00,Email,session,,True,False,3.0,5,False
u0017,u0017_j1,4,2025-10-09 05:07:00,Email,session,,True,False,4.0,5,False
u0017,u0017_j1,5,2025-10-09 05:20:00,Email,session,,True,False,5.0,5,False
u0018,u0018_j0,1,2025-07-19 01:00:00,Paid Social,session,,True,False,1.0,6,True
u0018,u0018_j0,2,2025-07-19 01:07:00,Paid Social,session,,True,False,2.0,6,True
u0018,u0018_j0,3,2025-07-21 07:00:00,Display,session,,True,False,3.0,6,True
u0018,u0018_j0,4,2025-07-21 07:01:00,Display,session,,True,False,4.0,6,True
u0018,u0018_j0,5,2026-03-13 07:00:00,Paid Social,session,,True,False,5.0,6,True
u0018,u0018_j0,6,2026-03-13 07:01:00,Paid Social,session,,True,False,6.0,6,True
u0018,u0018_j0,7,2026-04-10 20:00:00,Paid Social,conversion,lead,False,True,,6,True
u0018,u0018_j1,1,2026-04-12 12:00:00,Direct,session,,True,False,1.0,4,False
u0018,u0018_j1,2,2026-04-12 12:04:00,Direct,session,,True,False,2.0,4,False
u0018,u0018_j1,3,2026-04-20 14:00:00,Direct,conversion,tour,False,False,,4,False
u0018,u0018_j1,4,2026-04-26 15:00:00,Direct,conversion,tour,False,False,,4,False
u0018,u0018_j1,5,2026-05-05 00:00:00,Display,session,,True,False,3.0,4,False
u0018,u0018_j1,6,2026-05-05 00:01:00,Display,session,,True,False,4.0,4,False
u0019,u0019_j0,1,2025-12-02 06:00:00,Paid Search,session,,True,False,1.0,2,True
u0019,u0019_j0,2,2025-12-02 06:05:00,Paid Search,session,,True,False,2.0,2,True
u0019,u0019_j0,3,2025-12-02 16:00:00,Paid Search,conversion,lead,False,True,,2,True
u0019,u0019_j1,1,2025-12-10 18:00:00,Email,session,,True,False,1.0,8,False
u0019,u0019_j1,2,2025-12-10 18:01:00,Email,session,,True,False,2.0,8,False
u0019,u0019_j1,3,2025-12-10 18:22:00,Email,session,,True,False,3.0,8,False
u0019,u0019_j1,4,2025-12-16 13:00:00,Email,conversion,tour,False,False,,8,False
u0019,u0019_j1,5,2025-12-21 14:00:00,Email,conversion,tour,False,False,,8,False
u0019,u0019_j1,6,2025-12-21 22:00:00,Paid Search,session,,True,False,4.0,8,False
u0019,u0019_j1,7,2025-12-21 22:06:00,Paid Search,session,,True,False,5.0,8,False
u0019,u0019_j1,8,2025-12-21 22:22:00,Paid Search,session,,True,False,6.0,8,False
u0019,u0019_j1,9,2025-12-24 14:00:00,Paid Search,conversion,application,False,False,,8,False
u0019,u0019_j1,10,2025-12-29 07:00:00,Display,session,,True,False,7.0,8,False
u0019,u0019_j1,11,2025-12-29 07:07:00,Display,session,,True,False,8.0,8,False
u0020,u0020_j0,1,2025-07-11 07:00:00,Paid Social,session,,True,False,1.0,5,True
u0020,u0020_j0,2,2025-07-11 07:04:00,Paid Social,session,,True,False,2.0,5,True
u0020,u0020_j0,3,2025-07-29 12:00:00,Email,session,,True,False,3.0,5,True
u0020,u0020_j0,4,2025-07-29 12:06:00,Email,session,,True,False,4.0,5,True
u0020,u0020_j0,5,2025-07-29 12:19:00,Email,session,,True,False,5.0,5,True
u0020,u0020_j0,6,2025-08-07 15:00:00,Email,conversion,lead,False,True,,5,True
u0020,u0020_j1,1,2025-08-11 12:00:00,Email,conversion,tour,False,False,,8,False
u0020,u0020_j1,2,2025-12-13 12:00:00,ILS,session,,True,False,1.0,8,False
u0020,u0020_j1,3,2025-12-13 12:02:00,ILS,session,,True,False,2.0,8,False
u0020,u0020_j1,4,2025-12-13 12:22:00,ILS,session,,True,False,3.0,8,False
u0020,u0020_j1,5,2025-12-31 20:00:00,Email,session,,True,False,4.0,8,False
u0020,u0020_j1,6,2025-12-31 20:08:00,Email,session,,True,False,5.0,8,False
u0020,u0020_j1,7,2026-01-02 04:00:00,Email,session,,True,False,6.0,8,False
u0020,u0020_j1,8,2026-01-02 04:02:00,Email,session,,True,False,7.0,8,False
u0020,u0020_j1,9,2026-01-02 04:21:00,Email,session,,True,False,8.0,8,False
u0021,u0021_j0,1,2025-04-27 04:00:00,ILS,session,,True,False,1.0,3,True
u0021,u0021_j0,2,2025-04-27 04:05:00,ILS,session,,True,False,2.0,3,True
u0021,u0021_j0,3,2025-04-27 04:14:00,ILS,session,,True,False,3.0,3,True
u0021,u0021_j0,4,2025-05-14 10:00:00,ILS,conversion,lead,False,True,,3,True
u0021,u0021_j1,1,2025-05-17 08:00:00,Organic,session,,True,False,1.0,12,False
u0021,u0021_j1,2,2025-05-17 08:05:00,Organic,session,,True,False,2.0,12,False
u0021,u0021_j1,3,2025-05-17 08:10:00,Organic,session,,True,False,3.0,12,False
u0021,u0021_j1,4,2025-05-22 08:00:00,Organic,conversion,tour,False,False,,12,False
u0021,u0021_j1,5,2025-05-31 11:00:00,Organic,conversion,tour,False,False,,12,False
u0021,u0021_j1,6,2025-06-01 09:00:00,Email,session,,True,False,4.0,12,False
u0021,u0021_j1,7,2025-06-01 09:08:00,Email,session,,True,False,5.0,12,False
u0021,u0021_j1,8,2025-06-01 09:09:00,Email,session,,True,False,6.0,12,False
u0021,u0021_j1,9,2025-06-04 11:00:00,Email,conversion,application,False,False,,12,False
u0021,u0021_j1,10,2025-06-06 11:00:00,Email,conversion,lease,False,False,,12,False
u0021,u0021_j1,11,2025-06-14 14:00:00,Email,session,,True,False,7.0,12,False
u0021,u0021_j1,12,2025-06-14 14:08:00,Email,session,,True,False,8.0,12,False
u0021,u0021_j1,13,2025-06-14 14:14:00,Email,session,,True,False,9.0,12,False
u0021,u0021_j1,14,2025-06-23 01:00:00,Paid Social,session,,True,False,10.0,12,False
u0021,u0021_j1,15,2025-06-23 01:08:00,Paid Social,session,,True,False,11.0,12,False
u0021,u0021_j1,16,2025-06-23 01:11:00,Paid Social,session,,True,False,12.0,12,False
u0022,u0022_j0,1,2025-04-28 23:00:00,Paid Social,session,,True,False,1.0,11,False
u0022,u0022_j0,2,2025-04-28 23:01:00,Paid Social,session,,True,False,2.0,11,False
u0022,u0022_j0,3,2025-05-15 07:00:00,Paid Social,conversion,tour,False,False,,11,False
u0022,u0022_j0,4,2025-05-21 12:00:00,Paid Social,conversion,tour,False,False,,11,False
u0022,u0022_j0,5,2025-05-26 08:00:00,Paid Search,session,,True,False,3.0,11,False
u0022,u0022_j0,6,2025-05-26 08:04:00,Paid Search,session,,True,False,4.0,11,False
u0022,u0022_j0,7,2025-05-26 08:11:00,Paid Search,session,,True,False,5.0,11,False
u0022,u0022_j0,8,2025-05-27 12:00:00,Paid Search,conversion,application,False,False,,11,False
u0022,u0022_j0,9,2025-06-10 20:00:00,Direct,session,,True,False,6.0,11,False
u0022,u0022_j0,10,2025-06-10 20:02:00,Direct,session,,True,False,7.0,11,False
u0022,u0022_j0,11,2025-06-10 20:22:00,Direct,session,,True,False,8.0,11,False
u0022,u0022_j0,12,2025-07-15 02:00:00,Organic,session,,True,False,9.0,11,False
u0022,u0022_j0,13,2025-07-15 02:05:00,Organic,session,,True,False,10.0,11,False
u0022,u0022_j0,14,2025-07-15 02:18:00,Organic,session,,True,False,11.0,11,False
u0023,u0023_j0,1,2025-07-01 08:00:00,Paid Social,session,,True,False,1.0,3,True
u0023,u0023_j0,2,2025-07-01 08:02:00,Paid Social,session,,True,False,2.0,3,True
u0023,u0023_j0,3,2025-07-01 08:18:00,Paid Social,session,,True,False,3.0,3,True
u0023,u0023_j0,4,2025-07-05 17:00:00,Paid Social,conversion,lead,False,True,,3,True
u0023,u0023_j1,1,2025-07-14 14:00:00,Email,session,,True,False,1.0,17,False
u0023,u0023_j1,2,2025-07-14 14:08:00,Email,session,,True,False,2.0,17,False
u0023,u0023_j1,3,2025-07-14 14:18:00,Email,session,,True,False,3.0,17,False
u0023,u0023_j1,4,2025-07-22 22:00:00,Paid Search,session,,True,False,4.0,17,False
u0023,u0023_j1,5,2025-07-22 22:08:00,Paid Search,session,,True,False,5.0,17,False
u0023,u0023_j1,6,2025-07-22 22:10:00,Paid Search,session,,True,False,6.0,17,False
u0023,u0023_j1,7,2025-08-07 08:00:00,Display,session,,True,False,7.0,17,False
u0023,u0023_j1,8,2025-08-07 08:05:00,Display,session,,True,False,8.0,17,False
u0023,u0023_j1,9,2025-08-07 08:16:00,Display,session,,True,False,9.0,17,False
u0023,u0023_j1,10,2026-04-02 08:00:00,ILS,session,,True,False,10.0,17,False
u0023,u0023_j1,11,2026-04-02 08:07:00,ILS,session,,True,False,11.0,17,False
u0023,u0023_j1,12,2026-05-03 16:00:00,Email,session,,True,False,12.0,17,False
u0023,u0023_j1,13,2026-05-03 16:08:00,Email,session,,True,False,13.0,17,False
u0023,u0023_j1,14,2026-05-03 16:19:00,Email,session,,True,False,14.0,17,False
u0023,u0023_j1,15,2026-06-01 20:00:00,Organic,session,,True,False,15.0,17,False
u0023,u0023_j1,16,2026-06-01 20:03:00,Organic,session,,True,False,16.0,17,False
u0023,u0023_j1,17,2026-06-01 20:24:00,Organic,session,,True,False,17.0,17,False
u0024,u0024_j0,1,2025-07-27 21:00:00,ILS,session,,True,False,1.0,9,False
u0024,u0024_j0,2,2025-07-27 21:01:00,ILS,session,,True,False,2.0,9,False
u0024,u0024_j0,3,2026-03-13 21:00:00,ILS,session,,True,False,3.0,9,False
u0024,u0024_j0,4,2026-03-13 21:03:00,ILS,session,,True,False,4.0,9,False
u0024,u0024_j0,5,2026-04-12 09:00:00,Organic,session,,True,False,5.0,9,False
u0024,u0024_j0,6,2026-04-12 09:02:00,Organic,session,,True,False,6.0,9,False
u0024,u0024_j0,7,2026-04-12 09:16:00,Organic,session,,True,False,7.0,9,False
u0024,u0024_j0,8,2026-04-16 12:00:00,Paid Search,session,,True,False,8.0,9,False
u0024,u0024_j0,9,2026-04-16 12:01:00,Paid Search,session,,True,False,9.0,9,False
u0025,u0025_j0,1,2025-12-22 02:00:00,Referral,session,,True,False,1.0,2,True
u0025,u0025_j0,2,2025-12-22 02:05:00,Referral,session,,True,False,2.0,2,True
u0025,u0025_j0,3,2025-12-28 22:00:00,Referral,conversion,lead,False,True,,2,True
u0025,u0025_j1,1,2026-01-15 05:00:00,Referral,conversion,tour,False,False,,7,False
u0025,u0025_j1,2,2026-01-18 08:00:00,Referral,conversion,tour,False,False,,7,False
u0025,u0025_j1,3,2026-01-22 09:00:00,Direct,session,,True,False,1.0,7,False
u0025,u0025_j1,4,2026-01-22 09:08:00,Direct,session,,True,False,2.0,7,False
u0025,u0025_j1,5,2026-01-24 08:00:00,Direct,conversion,application,False,False,,7,False
u0025,u0025_j1,6,2026-02-07 16:00:00,Organic,session,,True,False,3.0,7,False
u0025,u0025_j1,7,2026-02-07 16:06:00,Organic,session,,True,False,4.0,7,False
u0025,u0025_j1,8,2026-02-07 16:21:00,Organic,session,,True,False,5.0,7,False
u0025,u0025_j1,9,2026-02-17 22:00:00,Organic,session,,True,False,6.0,7,False
u0025,u0025_j1,10,2026-02-17 22:04:00,Organic,session,,True,False,7.0,7,False
u0026,u0026_j0,1,2025-10-21 21:00:00,ILS,session,,True,False,1.0,3,True
u0026,u0026_j0,2,2025-10-21 21:03:00,ILS,session,,True,False,2.0,3,True
u0026,u0026_j0,3,2025-10-21 21:17:00,ILS,session,,True,False,3.0,3,True
u0026,u0026_j0,4,2025-11-01 01:00:00,ILS,conversion,lead,False,True,,3,True
u0026,u0026_j1,1,2025-11-01 04:00:00,Organic,session,,True,False,1.0,6,False
u0026,u0026_j1,2,2025-11-01 04:02:00,Organic,session,,True,False,2.0,6,False
u0026,u0026_j1,3,2025-11-04 06:00:00,Display,session,,True,False,3.0,6,False
u0026,u0026_j1,4,2025-11-04 06:06:00,Display,session,,True,False,4.0,6,False
u0026,u0026_j1,5,2025-11-16 23:00:00,Display,conversion,tour,False,False,,6,False
u0026,u0026_j1,6,2025-11-26 00:00:00,Display,conversion,tour,False,False,,6,False
u0026,u0026_j1,7,2025-11-28 00:00:00,Display,conversion,application,False,False,,6,False
u0026,u0026_j1,8,2025-12-07 15:00:00,Display,session,,True,False,5.0,6,False
u0026,u0026_j1,9,2025-12-07 15:01:00,Display,session,,True,False,6.0,6,False
u0027,u0027_j0,1,2025-09-24 06:00:00,Paid Social,session,,True,False,1.0,3,True
u0027,u0027_j0,2,2025-09-24 06:01:00,Paid Social,session,,True,False,2.0,3,True
u0027,u0027_j0,3,2025-09-24 06:10:00,Paid Social,session,,True,False,3.0,3,True
u0027,u0027_j0,4,2025-09-29 16:00:00,Paid Social,conversion,lead,False,True,,3,True
u0028,u0028_j0,1,2025-07-13 07:00:00,Paid Search,session,,True,False,1.0,8,False
u0028,u0028_j0,2,2025-07-13 07:03:00,Paid Search,session,,True,False,2.0,8,False
u0028,u0028_j0,3,2025-07-13 07:17:00,Paid Search,session,,True,False,3.0,8,False
u0028,u0028_j0,4,2025-08-07 16:00:00,Organic,session,,True,False,4.0,8,False
u0028,u0028_j0,5,2025-08-07 16:08:00,Organic,session,,True,False,5.0,8,False
u0028,u0028_j0,6,2025-08-23 23:00:00,Paid Search,session,,True,False,6.0,8,False
u0028,u0028_j0,7,2025-08-23 23:02:00,Paid Search,session,,True,False,7.0,8,False
u0028,u0028_j0,8,2025-08-23 23:20:00,Paid Search,session,,True,False,8.0,8,False
u0029,u0029_j0,1,2025-07-15 22:00:00,Paid Search,session,,True,False,1.0,2,True
u0029,u0029_j0,2,2025-07-15 22:04:00,Paid Search,session,,True,False,2.0,2,True
u0029,u0029_j0,3,2025-07-16 17:00:00,Paid Search,conversion,lead,False,True,,2,True
u0029,u0029_j1,1,2025-08-08 07:00:00,Email,session,,True,False,1.0,10,False
u0029,u0029_j1,2,2025-08-08 07:02:00,Email,session,,True,False,2.0,10,False
u0029,u0029_j1,3,2025-08-27 18:00:00,Paid Search,session,,True,False,3.0,10,False
u0029,u0029_j1,4,2025-08-27 18:08:00,Paid Search,session,,True,False,4.0,10,False
u0029,u0029_j1,5,2025-08-27 18:20:00,Paid Search,session,,True,False,5.0,10,False
u0029,u0029_j1,6,2025-09-15 18:00:00,Paid Search,session,,True,False,6.0,10,False
u0029,u0029_j1,7,2025-09-15 18:05:00,Paid Search,session,,True,False,7.0,10,False
u0029,u0029_j1,8,2025-09-15 18:22:00,Paid Search,session,,True,False,8.0,10,False
u0029,u0029_j1,9,2025-10-11 22:00:00,Direct,session,,True,False,9.0,10,False
u0029,u0029_j1,10,2025-10-11 22:06:00,Direct,session,,True,False,10.0,10,False
u0029,u0029_j1,11,2025-10-11 23:00:00,Direct,conversion,tour,False,False,,10,False
u0029,u0029_j1,12,2025-10-21 02:00:00,Direct,conversion,tour,False,False,,10,False
u0029,u0029_j1,13,2025-10-24 02:00:00,Direct,conversion,application,False,False,,10,False
u0029,u0029_j1,14,2025-11-03 02:00:00,Direct,conversion,lease,False,False,,10,False
u0030,u0030_j0,1,2025-10-10 02:00:00,Referral,session,,True,False,1.0,4,False
u0030,u0030_j0,2,2025-10-10 02:07:00,Referral,session,,True,False,2.0,4,False
u0030,u0030_j0,3,2026-05-31 02:00:00,ILS,session,,True,False,3.0,4,False
u0030,u0030_j0,4,2026-05-31 02:05:00,ILS,session,,True,False,4.0,4,False
u0031,u0031_j0,1,2025-10-22 02:00:00,Paid Search,session,,True,False,1.0,2,False
u0031,u0031_j0,2,2025-10-22 02:05:00,Paid Search,session,,True,False,2.0,2,False
u0032,u0032_j0,1,2026-01-30 05:00:00,Email,session,,True,False,1.0,3,True
u0032,u0032_j0,2,2026-01-30 05:06:00,Email,session,,True,False,2.0,3,True
u0032,u0032_j0,3,2026-01-30 05:23:00,Email,session,,True,False,3.0,3,True
u0032,u0032_j0,4,2026-02-19 09:00:00,Email,conversion,lead,False,True,,3,True
u0032,u0032_j1,1,2026-03-06 11:00:00,Paid Social,session,,True,False,1.0,5,False
u0032,u0032_j1,2,2026-03-06 11:02:00,Paid Social,session,,True,False,2.0,5,False
u0032,u0032_j1,3,2026-03-08 15:00:00,Paid Social,conversion,tour,False,False,,5,False
u0032,u0032_j1,4,2026-03-16 17:00:00,Organic,session,,True,False,3.0,5,False
u0032,u0032_j1,5,2026-03-16 17:01:00,Organic,session,,True,False,4.0,5,False
u0032,u0032_j1,6,2026-03-16 17:15:00,Organic,session,,True,False,5.0,5,False
u0032,u0032_j1,7,2026-03-16 18:00:00,Organic,conversion,tour,False,False,,5,False
u0033,u0033_j0,1,2025-07-01 08:00:00,Paid Social,session,,True,False,1.0,4,True
u0033,u0033_j0,2,2025-07-01 08:06:00,Paid Social,session,,True,False,2.0,4,True
u0033,u0033_j0,3,2025-07-06 20:00:00,Display,session,,True,False,3.0,4,True
u0033,u0033_j0,4,2025-07-06 20:05:00,Display,session,,True,False,4.0,4,True
u0033,u0033_j0,5,2025-07-18 15:00:00,Display,conversion,lead,False,True,,4,True
u0033,u0033_j1,1,2025-09-18 12:00:00,Display,conversion,tour,False,False,,14,True
u0033,u0033_j1,2,2025-11-11 20:00:00,Email,session,,True,False,1.0,14,True
u0033,u0033_j1,3,2025-11-11 20:01:00,Email,session,,True,False,2.0,14,True
u0033,u0033_j1,4,2025-11-11 20:10:00,Email,session,,True,False,3.0,14,True
u0033,u0033_j1,5,2025-11-20 20:00:00,Direct,session,,True,False,4.0,14,True
u0033,u0033_j1,6,2025-11-20 20:02:00,Direct,session,,True,False,5.0,14,True
u0033,u0033_j1,7,2025-12-14 08:00:00,Organic,session,,True,False,6.0,14,True
u0033,u0033_j1,8,2025-12-14 08:02:00,Organic,session,,True,False,7.0,14,True
u0033,u0033_j1,9,2025-12-14 08:16:00,Organic,session,,True,False,8.0,14,True
u0033,u0033_j1,10,2025-12-30 17:00:00,Paid Social,session,,True,False,9.0,14,True
u0033,u0033_j1,11,2025-12-30 17:05:00,Paid Social,session,,True,False,10.0,14,True
u0033,u0033_j1,12,2025-12-30 17:09:00,Paid Social,session,,True,False,11.0,14,True
u0033,u0033_j1,13,2026-04-15 17:00:00,Email,session,,True,False,12.0,14,True
u0033,u0033_j1,14,2026-04-15 17:03:00,Email,session,,True,False,13.0,14,True
u0033,u0033_j1,15,2026-04-15 17:17:00,Email,session,,True,False,14.0,14,True
u0033,u0033_j1,16,2026-05-13 20:00:00,Email,conversion,lead,False,True,,14,True
u0033,u0033_j2,1,2026-05-14 18:00:00,Email,session,,True,False,1.0,2,False
u0033,u0033_j2,2,2026-05-14 18:07:00,Email,session,,True,False,2.0,2,False
u0034,u0034_j0,1,2025-06-05 00:00:00,ILS,session,,True,False,1.0,3,True
u0034,u0034_j0,2,2025-06-05 00:07:00,ILS,session,,True,False,2.0,3,True
u0034,u0034_j0,3,2025-06-05 00:12:00,ILS,session,,True,False,3.0,3,True
u0034,u0034_j0,4,2025-06-18 11:00:00,ILS,conversion,lead,False,True,,3,True
u0034,u0034_j1,1,2025-06-19 06:00:00,Organic,session,,True,False,1.0,6,False
u0034,u0034_j1,2,2025-06-19 06:05:00,Organic,session,,True,False,2.0,6,False
u0034,u0034_j1,3,2025-06-19 06:13:00,Organic,session,,True,False,3.0,6,False
u0034,u0034_j1,4,2025-07-18 09:00:00,Paid Search,session,,True,False,4.0,6,False
u0034,u0034_j1,5,2025-07-18 09:02:00,Paid Search,session,,True,False,5.0,6,False
u0034,u0034_j1,6,2025-07-18 09:11:00,Paid Search,session,,True,False,6.0,6,False
u0035,u0035_j0,1,2025-08-11 21:00:00,Paid Search,session,,True,False,1.0,4,False
u0035,u0035_j0,2,2025-08-11 21:05:00,Paid Search,session,,True,False,2.0,4,False
u0035,u0035_j0,3,2025-09-09 08:00:00,Organic,session,,True,False,3.0,4,False
u0035,u0035_j0,4,2025-09-09 08:03:00,Organic,session,,True,False,4.0,4,False
u0036,u0036_j0,1,2025-08-23 01:00:00,ILS,session,,True,False,1.0,9,True
u0036,u0036_j0,2,2025-08-23 01:01:00,ILS,session,,True,False,2.0,9,True
u0036,u0036_j0,3,2025-08-23 01:18:00,ILS,session,,True,False,3.0,9,True
u0036,u0036_j0,4,2025-08-25 10:00:00,Paid Social,session,,True,False,4.0,9,True
u0036,u0036_j0,5,2025-08-25 10:01:00,Paid Social,session,,True,False,5.0,9,True
u0036,u0036_j0,6,2025-08-25 10:13:00,Paid Social,session,,True,False,6.0,9,True
u0036,u0036_j0,7,2026-04-17 10:00:00,Paid Social,session,,True,False,7.0,9,True
u0036,u0036_j0,8,2026-04-17 10:07:00,Paid Social,session,,True,False,8.0,9,True
u0036,u0036_j0,9,2026-04-17 10:19:00,Paid Social,session,,True,False,9.0,9,True
u0036,u0036_j0,10,2026-05-11 03:00:00,Paid Social,conversion,lead,False,True,,9,True
u0037,u0037_j0,1,2025-09-04 21:00:00,Referral,session,,True,False,1.0,9,False
u0037,u0037_j0,2,2025-09-04 21:07:00,Referral,session,,True,False,2.0,9,False
u0037,u0037_j0,3,2025-09-04 21:23:00,Referral,session,,True,False,3.0,9,False
u0037,u0037_j0,4,2025-09-09 07:00:00,Organic,session,,True,False,4.0,9,False
u0037,u0037_j0,5,2025-09-09 07:02:00,Organic,session,,True,False,5.0,9,False
u0037,u0037_j0,6,2025-09-09 07:12:00,Organic,session,,True,False,6.0,9,False
u0037,u0037_j0,7,2025-09-15 11:00:00,Direct,session,,True,False,7.0,9,False
u0037,u0037_j0,8,2025-09-15 11:05:00,Direct,session,,True,False,8.0,9,False
u0037,u0037_j0,9,2025-09-15 11:21:00,Direct,session,,True,False,9.0,9,False
u0038,u0038_j0,1,2025-09-17 06:00:00,Display,session,,True,False,1.0,3,False
u0038,u0038_j0,2,2025-09-17 06:03:00,Display,session,,True,False,2.0,3,False
u0038,u0038_j0,3,2025-09-17 06:16:00,Display,session,,True,False,3.0,3,False
u0039,u0039_j0,1,2025-08-21 08:00:00,ILS,session,,True,False,1.0,13,False
u0039,u0039_j0,2,2025-08-21 08:07:00,ILS,session,,True,False,2.0,13,False
u0039,u0039_j0,3,2025-08-21 08:19:00,ILS,session,,True,False,3.0,13,False
u0039,u0039_j0,4,2025-09-11 17:00:00,Direct,session,,True,False,4.0,13,False
u0039,u0039_j0,5,2025-09-11 17:06:00,Direct,session,,True,False,5.0,13,False
u0039,u0039_j0,6,2025-09-11 17:12:00,Direct,session,,True,False,6.0,13,False
u0039,u0039_j0,7,2025-10-10 02:00:00,Direct,session,,True,False,7.0,13,False
u0039,u0039_j0,8,2025-10-10 02:02:00,Direct,session,,True,False,8.0,13,False
u0039,u0039_j0,9,2025-10-10 02:18:00,Direct,session,,True,False,9.0,13,False
u0039,u0039_j0,10,2025-11-05 13:00:00,Paid Search,session,,True,False,10.0,13,False
u0039,u0039_j0,11,2025-11-05 13:06:00,Paid Search,session,,True,False,11.0,13,False
u0039,u0039_j0,12,2025-12-02 17:00:00,Direct,session,,True,False,12.0,13,False
u0039,u0039_j0,13,2025-12-02 17:04:00,Direct,session,,True,False,13.0,13,False
u0040,u0040_j0,1,2025-12-05 06:00:00,Paid Search,session,,True,False,1.0,5,True
u0040,u0040_j0,2,2025-12-05 06:08:00,Paid Search,session,,True,False,2.0,5,True
u0040,u0040_j0,3,2025-12-10 08:00:00,Display,session,,True,False,3.0,5,True
u0040,u0040_j0,4,2025-12-10 08:06:00,Display,session,,True,False,4.0,5,True
u0040,u0040_j0,5,2025-12-10 08:11:00,Display,session,,True,False,5.0,5,True
u0040,u0040_j0,6,2025-12-30 01:00:00,Display,conversion,lead,False,True,,5,True
u0040,u0040_j1,1,2026-01-11 15:00:00,Organic,session,,True,False,1.0,2,False
u0040,u0040_j1,2,2026-01-11 15:05:00,Organic,session,,True,False,2.0,2,False
u0041,u0041_j0,1,2025-09-13 02:00:00,ILS,session,,True,False,1.0,10,False
u0041,u0041_j0,2,2025-09-13 02:08:00,ILS,session,,True,False,2.0,10,False
u0041,u0041_j0,3,2025-09-19 11:00:00,Email,session,,True,False,3.0,10,False
u0041,u0041_j0,4,2025-09-19 11:06:00,Email,session,,True,False,4.0,10,False
u0041,u0041_j0,5,2025-10-22 17:00:00,Email,session,,True,False,5.0,10,False
u0041,u0041_j0,6,2025-10-22 17:08:00,Email,session,,True,False,6.0,10,False
u0041,u0041_j0,7,2025-10-22 17:19:00,Email,session,,True,False,7.0,10,False
u0041,u0041_j0,8,2025-11-22 02:00:00,Paid Social,session,,True,False,8.0,10,False
u0041,u0041_j0,9,2025-11-22 02:03:00,Paid Social,session,,True,False,9.0,10,False
u0041,u0041_j0,10,2025-11-22 02:23:00,Paid Social,session,,True,False,10.0,10,False
u0042,u0042_j0,1,2025-11-29 04:00:00,ILS,session,,True,False,1.0,3,True
u0042,u0042_j0,2,2025-11-29 04:06:00,ILS,session,,True,False,2.0,3,True
u0042,u0042_j0,3,2025-11-29 04:13:00,ILS,session,,True,False,3.0,3,True
u0042,u0042_j0,4,2025-12-16 17:00:00,ILS,conversion,lead,False,True,,3,True
u0042,u0042_j1,1,2025-12-21 05:00:00,Paid Social,session,,True,False,1.0,5,False
u0042,u0042_j1,2,2025-12-21 05:07:00,Paid Social,session,,True,False,2.0,5,False
u0042,u0042_j1,3,2025-12-21 05:11:00,Paid Social,session,,True,False,3.0,5,False
u0042,u0042_j1,4,2026-01-12 06:00:00,Organic,session,,True,False,4.0,5,False
u0042,u0042_j1,5,2026-01-12 06:06:00,Organic,session,,True,False,5.0,5,False
u0042,u0042_j1,6,2026-02-07 09:00:00,Organic,conversion,tour,False,False,,5,False
u0043,u0043_j0,1,2025-07-17 01:00:00,ILS,session,,True,False,1.0,12,True
u0043,u0043_j0,2,2025-07-17 01:03:00,ILS,session,,True,False,2.0,12,True
u0043,u0043_j0,3,2025-07-17 01:14:00,ILS,session,,True,False,3.0,12,True
u0043,u0043_j0,4,2025-07-26 03:00:00,Paid Search,session,,True,False,4.0,12,True
u0043,u0043_j0,5,2025-07-26 03:07:00,Paid Search,session,,True,False,5.0,12,True
u0043,u0043_j0,6,2025-07-26 03:16:00,Paid Search,session,,True,False,6.0,12,True
u0043,u0043_j0,7,2025-07-31 07:00:00,Paid Social,session,,True,False,7.0,12,True
u0043,u0043_j0,8,2025-07-31 07:08:00,Paid Social,session,,True,False,8.0,12,True
u0043,u0043_j0,9,2025-07-31 07:16:00,Paid Social,session,,True,False,9.0,12,True
u0043,u0043_j0,10,2025-08-07 15:00:00,Organic,session,,True,False,10.0,12,True
u0043,u0043_j0,11,2025-08-07 15:04:00,Organic,session,,True,False,11.0,12,True
u0043,u0043_j0,12,2025-08-07 15:23:00,Organic,session,,True,False,12.0,12,True
u0043,u0043_j0,13,2025-08-10 19:00:00,Organic,conversion,lead,False,True,,12,True
u0043,u0043_j1,1,2025-08-28 02:00:00,Organic,conversion,tour,False,False,,0,False
u0043,u0043_j1,2,2025-09-04 07:00:00,Organic,conversion,tour,False,False,,0,False
u0043,u0043_j1,3,2025-09-06 07:00:00,Organic,conversion,application,False,False,,0,False
u0044,u0044_j0,1,2025-08-07 01:00:00,ILS,session,,True,False,1.0,4,False
u0044,u0044_j0,2,2025-08-07 01:06:00,ILS,session,,True,False,2.0,4,False
u0044,u0044_j0,3,2025-12-02 01:00:00,Paid Social,session,,True,False,3.0,4,False
u0044,u0044_j0,4,2025-12-02 01:03:00,Paid Social,session,,True,False,4.0,4,False
u0045,u0045_j0,1,2025-10-28 02:00:00,Organic,session,,True,False,1.0,11,False
u0045,u0045_j0,2,2025-10-28 02:06:00,Organic,session,,True,False,2.0,11,False
u0045,u0045_j0,3,2025-10-28 02:19:00,Organic,session,,True,False,3.0,11,False
u0045,u0045_j0,4,2025-11-13 08:00:00,Paid Social,session,,True,False,4.0,11,False
u0045,u0045_j0,5,2025-11-13 08:03:00,Paid Social,session,,True,False,5.0,11,False
u0045,u0045_j0,6,2025-11-13 08:18:00,Paid Social,session,,True,False,6.0,11,False
u0045,u0045_j0,7,2026-06-12 08:00:00,Paid Social,session,,True,False,7.0,11,False
u0045,u0045_j0,8,2026-06-12 08:02:00,Paid Social,session,,True,False,8.0,11,False
u0045,u0045_j0,9,2026-06-14 12:00:00,Direct,session,,True,False,9.0,11,False
u0045,u0045_j0,10,2026-06-14 12:01:00,Direct,session,,True,False,10.0,11,False
u0045,u0045_j0,11,2026-06-14 12:23:00,Direct,session,,True,False,11.0,11,False
u0046,u0046_j0,1,2025-06-08 00:00:00,ILS,session,,True,False,1.0,4,False
u0046,u0046_j0,2,2025-06-08 00:03:00,ILS,session,,True,False,2.0,4,False
u0046,u0046_j0,3,2025-07-01 03:00:00,Direct,session,,True,False,3.0,4,False
u0046,u0046_j0,4,2025-07-01 03:02:00,Direct,session,,True,False,4.0,4,False
u0047,u0047_j0,1,2025-06-04 01:00:00,Paid Search,session,,True,False,1.0,8,True
u0047,u0047_j0,2,2025-06-04 01:06:00,Paid Search,session,,True,False,2.0,8,True
u0047,u0047_j0,3,2025-06-04 01:20:00,Paid Search,session,,True,False,3.0,8,True
u0047,u0047_j0,4,2025-06-21 12:00:00,Email,session,,True,False,4.0,8,True
u0047,u0047_j0,5,2025-06-21 12:08:00,Email,session,,True,False,5.0,8,True
u0047,u0047_j0,6,2025-06-23 17:00:00,Organic,session,,True,False,6.0,8,True
u0047,u0047_j0,7,2025-06-23 17:03:00,Organic,session,,True,False,7.0,8,True
u0047,u0047_j0,8,2025-06-23 17:23:00,Organic,session,,True,False,8.0,8,True
u0047,u0047_j0,9,2025-06-25 05:00:00,Organic,conversion,lead,False,True,,8,True
u0047,u0047_j1,1,2025-06-28 22:00:00,Direct,session,,True,False,1.0,4,False
u0047,u0047_j1,2,2025-06-28 22:01:00,Direct,session,,True,False,2.0,4,False
u0047,u0047_j1,3,2025-07-15 09:00:00,Display,session,,True,False,3.0,4,False
u0047,u0047_j1,4,2025-07-15 09:05:00,Display,session,,True,False,4.0,4,False
u0048,u0048_j0,1,2026-01-30 21:00:00,Paid Social,session,,True,False,1.0,2,True
u0048,u0048_j0,2,2026-01-30 21:02:00,Paid Social,session,,True,False,2.0,2,True
u0048,u0048_j0,3,2026-02-10 03:00:00,Paid Social,conversion,lead,False,True,,2,True
u0048,u0048_j1,1,2026-02-26 08:00:00,Direct,session,,True,False,1.0,6,False
u0048,u0048_j1,2,2026-02-26 08:05:00,Direct,session,,True,False,2.0,6,False
u0048,u0048_j1,3,2026-02-26 08:11:00,Direct,session,,True,False,3.0,6,False
u0048,u0048_j1,4,2026-03-27 14:00:00,Organic,session,,True,False,4.0,6,False
u0048,u0048_j1,5,2026-03-27 14:05:00,Organic,session,,True,False,5.0,6,False
u0048,u0048_j1,6,2026-03-27 14:22:00,Organic,session,,True,False,6.0,6,False
u0048,u0048_j1,7,2026-04-17 05:00:00,Organic,conversion,tour,False,False,,6,False
u0048,u0048_j1,8,2026-04-24 10:00:00,Organic,conversion,tour,False,False,,6,False
u0049,u0049_j0,1,2025-08-23 02:00:00,Paid Search,session,,True,False,1.0,2,True
u0049,u0049_j0,2,2025-08-23 02:07:00,Paid Search,session,,True,False,2.0,2,True
u0049,u0049_j0,3,2025-08-27 22:00:00,Paid Search,conversion,lead,False,True,,2,True
u0049,u0049_j1,1,2025-08-28 12:00:00,Direct,session,,True,False,1.0,8,False
u0049,u0049_j1,2,2025-08-28 12:08:00,Direct,session,,True,False,2.0,8,False
u0049,u0049_j1,3,2025-09-12 03:00:00,Direct,conversion,tour,False,False,,8,False
u0049,u0049_j1,4,2025-09-16 04:00:00,Direct,conversion,tour,False,False,,8,False
u0049,u0049_j1,5,2025-09-19 04:00:00,Direct,conversion,application,False,False,,8,False
u0049,u0049_j1,6,2025-09-23 17:00:00,Organic,session,,True,False,3.0,8,False
u0049,u0049_j1,7,2025-09-23 17:03:00,Organic,session,,True,False,4.0,8,False
u0049,u0049_j1,8,2025-09-25 04:00:00,Organic,conversion,lease,False,False,,8,False
u0049,u0049_j1,9,2025-10-27 05:00:00,Organic,session,,True,False,5.0,8,False
u0049,u0049_j1,10,2025-10-27 05:04:00,Organic,session,,True,False,6.0,8,False
u0049,u0049_j1,11,2025-11-07 05:00:00,Direct,session,,True,False,7.0,8,False
u0049,u0049_j1,12,2025-11-07 05:08:00,Direct,session,,True,False,8.0,8,False
u0050,u0050_j0,1,2025-10-07 22:00:00,ILS,session,,True,False,1.0,2,True
u0050,u0050_j0,2,2025-10-07 22:06:00,ILS,session,,True,False,2.0,2,True
u0050,u0050_j0,3,2025-10-19 01:00:00,ILS,conversion,lead,False,True,,2,True
u0050,u0050_j1,1,2025-11-06 00:00:00,Direct,session,,True,False,1.0,8,False
u0050,u0050_j1,2,2025-11-06 00:03:00,Direct,session,,True,False,2.0,8,False
u0050,u0050_j1,3,2025-11-06 00:24:00,Direct,session,,True,False,3.0,8,False
u0050,u0050_j1,4,2025-12-05 01:00:00,Direct,session,,True,False,4.0,8,False
u0050,u0050_j1,5,2025-12-05 01:08:00,Direct,session,,True,False,5.0,8,False
u0050,u0050_j1,6,2025-12-25 07:00:00,Direct,conversion,tour,False,False,,8,False
u0050,u0050_j1,7,2025-12-26 11:00:00,Email,session,,True,False,6.0,8,False
u0050,u0050_j1,8,2025-12-26 11:02:00,Email,session,,True,False,7.0,8,False
u0050,u0050_j1,9,2025-12-26 11:24:00,Email,session,,True,False,8.0,8,False
u0050,u0050_j1,10,2025-12-31 10:00:00,Email,conversion,tour,False,False,,8,False
u0050,u0050_j1,11,2026-01-02 10:00:00,Email,conversion,application,False,False,,8,False
u0051,u0051_j0,1,2025-07-24 00:00:00,Paid Search,session,,True,False,1.0,4,False
u0051,u0051_j0,2,2025-07-24 00:03:00,Paid Search,session,,True,False,2.0,4,False
u0051,u0051_j0,3,2025-08-02 12:00:00,Direct,session,,True,False,3.0,4,False
u0051,u0051_j0,4,2025-08-02 12:02:00,Direct,session,,True,False,4.0,4,False
u0052,u0052_j0,1,2025-09-05 22:00:00,Paid Search,session,,True,False,1.0,6,False
u0052,u0052_j0,2,2025-09-05 22:02:00,Paid Search,session,,True,False,2.0,6,False
u0052,u0052_j0,3,2025-09-24 00:00:00,Direct,session,,True,False,3.0,6,False
u0052,u0052_j0,4,2025-09-24 00:03:00,Direct,session,,True,False,4.0,6,False
u0052,u0052_j0,5,2025-10-14 09:00:00,Paid Search,session,,True,False,5.0,6,False
u0052,u0052_j0,6,2025-10-14 09:06:00,Paid Search,session,,True,False,6.0,6,False
u0053,u0053_j0,1,2026-02-04 08:00:00,Paid Search,session,,True,False,1.0,5,False
u0053,u0053_j0,2,2026-02-04 08:05:00,Paid Search,session,,True,False,2.0,5,False
u0053,u0053_j0,3,2026-02-06 15:00:00,Organic,session,,True,False,3.0,5,False
u0053,u0053_j0,4,2026-02-06 15:07:00,Organic,session,,True,False,4.0,5,False
u0053,u0053_j0,5,2026-02-06 15:11:00,Organic,session,,True,False,5.0,5,False
u0054,u0054_j0,1,2025-07-21 02:00:00,ILS,session,,True,False,1.0,3,True
u0054,u0054_j0,2,2025-07-21 02:08:00,ILS,session,,True,False,2.0,3,True
u0054,u0054_j0,3,2025-07-21 02:12:00,ILS,session,,True,False,3.0,3,True
u0054,u0054_j0,4,2025-08-07 06:00:00,ILS,conversion,lead,False,True,,3,True
u0054,u0054_j1,1,2025-08-16 04:00:00,Direct,session,,True,False,1.0,5,False
u0054,u0054_j1,2,2025-08-16 04:07:00,Direct,session,,True,False,2.0,5,False
u0054,u0054_j1,3,2025-08-16 04:14:00,Direct,session,,True,False,3.0,5,False
u0054,u0054_j1,4,2025-08-19 06:00:00,Direct,conversion,tour,False,False,,5,False
u0054,u0054_j1,5,2025-08-28 07:00:00,Direct,conversion,tour,False,False,,5,False
u0054,u0054_j1,6,2025-09-09 12:00:00,Display,session,,True,False,4.0,5,False
u0054,u0054_j1,7,2025-09-09 12:04:00,Display,session,,True,False,5.0,5,False
u0055,u0055_j0,1,2025-06-24 02:00:00,Organic,session,,True,False,1.0,8,True
u0055,u0055_j0,2,2025-06-24 02:05:00,Organic,session,,True,False,2.0,8,True
u0055,u0055_j0,3,2025-07-17 02:00:00,Display,session,,True,False,3.0,8,True
u0055,u0055_j0,4,2025-07-17 02:01:00,Display,session,,True,False,4.0,8,True
u0055,u0055_j0,5,2025-07-17 02:15:00,Display,session,,True,False,5.0,8,True
u0055,u0055_j0,6,2025-07-21 06:00:00,Organic,session,,True,False,6.0,8,True
u0055,u0055_j0,7,2025-07-21 06:02:00,Organic,session,,True,False,7.0,8,True
u0055,u0055_j0,8,2025-07-21 06:23:00,Organic,session,,True,False,8.0,8,True
u0055,u0055_j0,9,2025-07-22 18:00:00,Organic,conversion,lead,False,True,,8,True
u0055,u0055_j1,1,2025-08-02 11:00:00,Organic,conversion,tour,False,False,,8,False
u0055,u0055_j1,2,2025-08-04 12:00:00,Organic,conversion,tour,False,False,,8,False
u0055,u0055_j1,3,2025-08-10 12:00:00,Organic,conversion,application,False,False,,8,False
u0055,u0055_j1,4,2025-08-22 15:00:00,Display,session,,True,False,1.0,8,False
u0055,u0055_j1,5,2025-08-22 15:02:00,Display,session,,True,False,2.0,8,False
u0055,u0055_j1,6,2025-08-22 15:12:00,Display,session,,True,False,3.0,8,False
u0055,u0055_j1,7,2026-03-01 15:00:00,ILS,session,,True,False,4.0,8,False
u0055,u0055_j1,8,2026-03-01 15:01:00,ILS,session,,True,False,5.0,8,False
u0055,u0055_j1,9,2026-03-01 15:19:00,ILS,session,,True,False,6.0,8,False
u0055,u0055_j1,10,2026-04-03 15:00:00,Display,session,,True,False,7.0,8,False
u0055,u0055_j1,11,2026-04-03 15:03:00,Display,session,,True,False,8.0,8,False
u0056,u0056_j0,1,2025-09-08 07:00:00,ILS,session,,True,False,1.0,10,False
u0056,u0056_j0,2,2025-09-08 07:02:00,ILS,session,,True,False,2.0,10,False
u0056,u0056_j0,3,2025-10-13 14:00:00,Email,session,,True,False,3.0,10,False
u0056,u0056_j0,4,2025-10-13 14:08:00,Email,session,,True,False,4.0,10,False
u0056,u0056_j0,5,2025-10-13 14:16:00,Email,session,,True,False,5.0,10,False
u0056,u0056_j0,6,2025-11-02 21:00:00,Paid Search,session,,True,False,6.0,10,False
u0056,u0056_j0,7,2025-11-02 21:08:00,Paid Search,session,,True,False,7.0,10,False
u0056,u0056_j0,8,2025-11-02 21:21:00,Paid Search,session,,True,False,8.0,10,False
u0056,u0056_j0,9,2025-11-05 02:00:00,Direct,session,,True,False,9.0,10,False
u0056,u0056_j0,10,2025-11-05 02:01:00,Direct,session,,True,False,10.0,10,False
u0057,u0057_j0,1,2025-07-08 04:00:00,ILS,session,,True,False,1.0,7,False
u0057,u0057_j0,2,2025-07-08 04:04:00,ILS,session,,True,False,2.0,7,False
u0057,u0057_j0,3,2025-08-08 15:00:00,Paid Social,session,,True,False,3.0,7,False
u0057,u0057_j0,4,2025-08-08 15:07:00,Paid Social,session,,True,False,4.0,7,False
u0057,u0057_j0,5,2025-08-08 15:14:00,Paid Social,session,,True,False,5.0,7,False
u0057,u0057_j0,6,2025-08-13 02:00:00,Organic,session,,True,False,6.0,7,False
u0057,u0057_j0,7,2025-08-13 02:06:00,Organic,session,,True,False,7.0,7,False
u0058,u0058_j0,1,2025-11-12 06:00:00,Paid Search,session,,True,False,1.0,2,True
u0058,u0058_j0,2,2025-11-12 06:07:00,Paid Search,session,,True,False,2.0,2,True
u0058,u0058_j0,3,2025-11-29 15:00:00,Paid Search,conversion,lead,False,True,,2,True
u0058,u0058_j1,1,2025-12-10 08:00:00,Paid Search,conversion,tour,False,False,,3,False
u0058,u0058_j1,2,2025-12-13 11:00:00,Organic,session,,True,False,1.0,3,False
u0058,u0058_j1,3,2025-12-13 11:03:00,Organic,session,,True,False,2.0,3,False
u0058,u0058_j1,4,2025-12-13 11:18:00,Organic,session,,True,False,3.0,3,False
u0059,u0059_j0,1,2025-07-06 23:00:00,Paid Search,session,,True,False,1.0,2,True
u0059,u0059_j0,2,2025-07-06 23:06:00,Paid Search,session,,True,False,2.0,2,True
u0059,u0059_j0,3,2025-07-08 16:00:00,Paid Search,conversion,lead,False,True,,2,True
u0059,u0059_j1,1,2025-07-14 08:00:00,Direct,session,,True,False,1.0,4,False
u0059,u0059_j1,2,2025-07-14 08:01:00,Direct,session,,True,False,2.0,4,False
u0059,u0059_j1,3,2025-07-17 03:00:00,Direct,conversion,tour,False,False,,4,False
u0059,u0059_j1,4,2025-07-19 04:00:00,Direct,conversion,tour,False,False,,4,False
u0059,u0059_j1,5,2025-07-30 11:00:00,Paid Social,session,,True,False,3.0,4,False
u0059,u0059_j1,6,2025-07-30 11:07:00,Paid Social,session,,True,False,4.0,4,False
u0060,u0060_j0,1,2025-11-07 21:00:00,Referral,session,,True,False,1.0,7,False
u0060,u0060_j0,2,2025-11-07 21:03:00,Referral,session,,True,False,2.0,7,False
u0060,u0060_j0,3,2025-11-23 05:00:00,Direct,session,,True,False,3.0,7,False
u0060,u0060_j0,4,2025-11-23 05:08:00,Direct,session,,True,False,4.0,7,False
u0060,u0060_j0,5,2025-11-23 05:18:00,Direct,session,,True,False,5.0,7,False
u0060,u0060_j0,6,2025-11-26 07:00:00,Display,session,,True,False,6.0,7,False
u0060,u0060_j0,7,2025-11-26 07:05:00,Display,session,,True,False,7.0,7,False
u0061,u0061_j0,1,2025-08-31 05:00:00,ILS,session,,True,False,1.0,2,True
u0061,u0061_j0,2,2025-08-31 05:03:00,ILS,session,,True,False,2.0,2,True
u0061,u0061_j0,3,2025-09-08 11:00:00,ILS,conversion,lead,False,True,,2,True
u0061,u0061_j1,1,2025-09-10 11:00:00,ILS,conversion,tour,False,False,,10,False
u0061,u0061_j1,2,2025-09-11 16:00:00,Email,session,,True,False,1.0,10,False
u0061,u0061_j1,3,2025-09-11 16:07:00,Email,session,,True,False,2.0,10,False
u0061,u0061_j1,4,2025-09-16 16:00:00,Email,conversion,tour,False,False,,10,False
u0061,u0061_j1,5,2025-10-12 02:00:00,Direct,session,,True,False,3.0,10,False
u0061,u0061_j1,6,2025-10-12 02:03:00,Direct,session,,True,False,4.0,10,False
u0061,u0061_j1,7,2026-05-13 02:00:00,ILS,session,,True,False,5.0,10,False
u0061,u0061_j1,8,2026-05-13 02:01:00,ILS,session,,True,False,6.0,10,False
u0061,u0061_j1,9,2026-05-13 02:20:00,ILS,session,,True,False,7.0,10,False
u0061,u0061_j1,10,2026-05-31 07:00:00,Paid Search,session,,True,False,8.0,10,False
u0061,u0061_j1,11,2026-05-31 07:02:00,Paid Search,session,,True,False,9.0,10,False
u0061,u0061_j1,12,2026-05-31 07:14:00,Paid Search,session,,True,False,10.0,10,False
u0062,u0062_j0,1,2025-09-11 22:00:00,Paid Search,session,,True,False,1.0,2,True
u0062,u0062_j0,2,2025-09-11 22:08:00,Paid Search,session,,True,False,2.0,2,True
u0062,u0062_j0,3,2025-09-16 14:00:00,Paid Search,conversion,lead,False,True,,2,True
u0062,u0062_j1,1,2026-03-16 22:00:00,ILS,session,,True,False,1.0,5,True
u0062,u0062_j1,2,2026-03-16 22:01:00,ILS,session,,True,False,2.0,5,True
u0062,u0062_j1,3,2026-03-23 06:00:00,Paid Social,session,,True,False,3.0,5,True
u0062,u0062_j1,4,2026-03-23 06:03:00,Paid Social,session,,True,False,4.0,5,True
u0062,u0062_j1,5,2026-03-23 06:25:00,Paid Social,session,,True,False,5.0,5,True
u0062,u0062_j1,6,2026-04-08 10:00:00,Paid Social,conversion,lead,False,True,,5,True
u0062,u0062_j2,1,2026-04-12 08:00:00,Paid Social,conversion,tour,False,False,,3,False
u0062,u0062_j2,2,2026-04-21 14:00:00,Organic,session,,True,False,1.0,3,False
u0062,u0062_j2,3,2026-04-21 14:08:00,Organic,session,,True,False,2.0,3,False
u0062,u0062_j2,4,2026-04-21 14:25:00,Organic,session,,True,False,3.0,3,False
u0063,u0063_j0,1,2025-07-01 07:00:00,ILS,session,,True,False,1.0,23,False
u0063,u0063_j0,2,2025-07-01 07:01:00,ILS,session,,True,False,2.0,23,False
u0063,u0063_j0,3,2025-07-01 07:11:00,ILS,session,,True,False,3.0,23,False
u0063,u0063_j0,4,2025-07-03 13:00:00,Email,session,,True,False,4.0,23,False
u0063,u0063_j0,5,2025-07-03 13:02:00,Email,session,,True,False,5.0,23,False
u0063,u0063_j0,6,2025-07-20 13:00:00,Organic,session,,True,False,6.0,23,False
u0063,u0063_j0,7,2025-07-20 13:07:00,Organic,session,,True,False,7.0,23,False
u0063,u0063_j0,8,2025-07-20 13:13:00,Organic,session,,True,False,8.0,23,False
u0063,u0063_j0,9,2025-08-03 22:00:00,Display,session,,True,False,9.0,23,False
u0063,u0063_j0,10,2025-08-03 22:06:00,Display,session,,True,False,10.0,23,False
u0063,u0063_j0,11,2026-02-07 22:00:00,ILS,session,,True,False,11.0,23,False
u0063,u0063_j0,12,2026-02-07 22:04:00,ILS,session,,True,False,12.0,23,False
u0063,u0063_j0,13,2026-03-15 00:00:00,Paid Search,session,,True,False,13.0,23,False
u0063,u0063_j0,14,2026-03-15 00:08:00,Paid Search,session,,True,False,14.0,23,False
u0063,u0063_j0,15,2026-04-07 01:00:00,Email,session,,True,False,15.0,23,False
u0063,u0063_j0,16,2026-04-07 01:04:00,Email,session,,True,False,16.0,23,False
u0063,u0063_j0,17,2026-04-07 01:20:00,Email,session,,True,False,17.0,23,False
u0063,u0063_j0,18,2026-04-19 09:00:00,Direct,session,,True,False,18.0,23,False
u0063,u0063_j0,19,2026-04-19 09:02:00,Direct,session,,True,False,19.0,23,False
u0063,u0063_j0,20,2026-04-19 09:22:00,Direct,session,,True,False,20.0,23,False
u0063,u0063_j0,21,2026-05-15 17:00:00,Email,session,,True,False,21.0,23,False
u0063,u0063_j0,22,2026-05-15 17:04:00,Email,session,,True,False,22.0,23,False
u0063,u0063_j0,23,2026-05-15 17:12:00,Email,session,,True,False,23.0,23,False
u0064,u0064_j0,1,2026-01-25 06:00:00,Paid Social,session,,True,False,1.0,8,False
u0064,u0064_j0,2,2026-01-25 06:06:00,Paid Social,session,,True,False,2.0,8,False
u0064,u0064_j0,3,2026-01-29 08:00:00,Display,session,,True,False,3.0,8,False
u0064,u0064_j0,4,2026-01-29 08:04:00,Display,session,,True,False,4.0,8,False
u0064,u0064_j0,5,2026-01-29 08:13:00,Display,session,,True,False,5.0,8,False
u0064,u0064_j0,6,2026-03-03 12:00:00,Paid Social,session,,True,False,6.0,8,False
u0064,u0064_j0,7,2026-03-03 12:07:00,Paid Social,session,,True,False,7.0,8,False
u0064,u0064_j0,8,2026-03-03 12:10:00,Paid Social,session,,True,False,8.0,8,False
u0065,u0065_j0,1,2025-11-20 23:00:00,Paid Social,session,,True,False,1.0,5,True
u0065,u0065_j0,2,2025-11-20 23:07:00,Paid Social,session,,True,False,2.0,5,True
u0065,u0065_j0,3,2025-12-12 10:00:00,Email,session,,True,False,3.0,5,True
u0065,u0065_j0,4,2025-12-12 10:07:00,Email,session,,True,False,4.0,5,True
u0065,u0065_j0,5,2025-12-12 10:15:00,Email,session,,True,False,5.0,5,True
u0065,u0065_j0,6,2025-12-15 17:00:00,Email,conversion,lead,False,True,,5,True
u0065,u0065_j1,1,2026-01-01 03:00:00,Email,conversion,tour,False,False,,8,False
u0065,u0065_j1,2,2026-01-06 06:00:00,Email,conversion,tour,False,False,,8,False
u0065,u0065_j1,3,2026-01-08 06:00:00,Email,conversion,application,False,False,,8,False
u0065,u0065_j1,4,2026-01-08 16:00:00,Organic,session,,True,False,1.0,8,False
u0065,u0065_j1,5,2026-01-08 16:08:00,Organic,session,,True,False,2.0,8,False
u0065,u0065_j1,6,2026-01-16 06:00:00,Organic,conversion,lease,False,False,,8,False
u0065,u0065_j1,7,2026-01-18 20:00:00,Direct,session,,True,False,3.0,8,False
u0065,u0065_j1,8,2026-01-18 20:01:00,Direct,session,,True,False,4.0,8,False
u0065,u0065_j1,9,2026-01-18 20:10:00,Direct,session,,True,False,5.0,8,False
u0065,u0065_j1,10,2026-02-12 22:00:00,Display,session,,True,False,6.0,8,False
u0065,u0065_j1,11,2026-02-12 22:04:00,Display,session,,True,False,7.0,8,False
u0065,u0065_j1,12,2026-02-12 22:19:00,Display,session,,True,False,8.0,8,False
u0066,u0066_j0,1,2026-02-11 06:00:00,Direct,session,,True,False,1.0,5,True
u0066,u0066_j0,2,2026-02-11 06:08:00,Direct,session,,True,False,2.0,5,True
u0066,u0066_j0,3,2026-02-25 12:00:00,Organic,session,,True,False,3.0,5,True
u0066,u0066_j0,4,2026-02-25 12:06:00,Organic,session,,True,False,4.0,5,True
u0066,u0066_j0,5,2026-02-25 12:10:00,Organic,session,,True,False,5.0,5,True
u0066,u0066_j0,6,2026-02-26 00:00:00,Organic,conversion,lead,False,True,,5,True
u0066,u0066_j1,1,2026-03-10 11:00:00,Organic,conversion,tour,False,False,,8,False
u0066,u0066_j1,2,2026-03-13 20:00:00,Email,session,,True,False,1.0,8,False
u0066,u0066_j1,3,2026-03-13 20:03:00,Email,session,,True,False,2.0,8,False
u0066,u0066_j1,4,2026-03-13 20:22:00,Email,session,,True,False,3.0,8,False
u0066,u0066_j1,5,2026-03-16 14:00:00,Email,conversion,tour,False,False,,8,False
u0066,u0066_j1,6,2026-03-23 14:00:00,Email,conversion,application,False,False,,8,False
u0066,u0066_j1,7,2026-03-31 14:00:00,Email,conversion,lease,False,False,,8,False
u0066,u0066_j1,8,2026-04-04 08:00:00,Direct,session,,True,False,4.0,8,False
u0066,u0066_j1,9,2026-04-04 08:06:00,Direct,session,,True,False,5.0,8,False
u0066,u0066_j1,10,2026-04-04 08:16:00,Direct,session,,True,False,6.0,8,False
u0066,u0066_j1,11,2026-04-23 14:00:00,Email,session,,True,False,7.0,8,False
u0066,u0066_j1,12,2026-04-23 14:05:00,Email,session,,True,False,8.0,8,False
u0067,u0067_j0,1,2025-06-12 02:00:00,Paid Search,session,,True,False,1.0,6,True
u0067,u0067_j0,2,2025-06-12 02:01:00,Paid Search,session,,True,False,2.0,6,True
u0067,u0067_j0,3,2025-06-24 10:00:00,Display,session,,True,False,3.0,6,True
u0067,u0067_j0,4,2025-06-24 10:01:00,Display,session,,True,False,4.0,6,True
u0067,u0067_j0,5,2026-01-06 10:00:00,Paid Search,session,,True,False,5.0,6,True
u0067,u0067_j0,6,2026-01-06 10:01:00,Paid Search,session,,True,False,6.0,6,True
u0067,u0067_j0,7,2026-01-23 01:00:00,Paid Search,conversion,lead,False,True,,6,True
u0068,u0068_j0,1,2026-02-10 09:00:00,ILS,session,,True,False,1.0,2,False
u0068,u0068_j0,2,2026-02-10 09:01:00,ILS,session,,True,False,2.0,2,False
u0069,u0069_j0,1,2025-11-19 08:00:00,Direct,session,,True,False,1.0,13,False
u0069,u0069_j0,2,2025-11-19 08:02:00,Direct,session,,True,False,2.0,13,False
u0069,u0069_j0,3,2025-11-19 08:21:00,Direct,session,,True,False,3.0,13,False
u0069,u0069_j0,4,2025-12-12 12:00:00,Organic,session,,True,False,4.0,13,False
u0069,u0069_j0,5,2025-12-12 12:04:00,Organic,session,,True,False,5.0,13,False
u0069,u0069_j0,6,2025-12-12 12:11:00,Organic,session,,True,False,6.0,13,False
u0069,u0069_j0,7,2026-03-21 12:00:00,Paid Search,session,,True,False,7.0,13,False
u0069,u0069_j0,8,2026-03-21 12:06:00,Paid Search,session,,True,False,8.0,13,False
u0069,u0069_j0,9,2026-04-01 13:00:00,Display,session,,True,False,9.0,13,False
u0069,u0069_j0,10,2026-04-01 13:01:00,Display,session,,True,False,10.0,13,False
u0069,u0069_j0,11,2026-04-01 13:24:00,Display,session,,True,False,11.0,13,False
u0069,u0069_j0,12,2026-05-03 19:00:00,Direct,session,,True,False,12.0,13,False
u0069,u0069_j0,13,2026-05-03 19:05:00,Direct,session,,True,False,13.0,13,False
u0070,u0070_j0,1,2025-11-19 04:00:00,Paid Search,session,,True,False,1.0,3,True
u0070,u0070_j0,2,2025-11-19 04:07:00,Paid Search,session,,True,False,2.0,3,True
u0070,u0070_j0,3,2025-11-19 04:11:00,Paid Search,session,,True,False,3.0,3,True
u0070,u0070_j0,4,2025-12-01 09:00:00,Paid Search,conversion,lead,False,True,,3,True
u0070,u0070_j1,1,2025-12-05 13:00:00,Paid Search,conversion,tour,False,False,,6,False
u0070,u0070_j1,2,2025-12-12 14:00:00,Paid Search,conversion,tour,False,False,,6,False
u0070,u0070_j1,3,2025-12-14 14:00:00,Organic,session,,True,False,1.0,6,False
u0070,u0070_j1,4,2025-12-14 14:06:00,Organic,session,,True,False,2.0,6,False
u0070,u0070_j1,5,2025-12-14 14:17:00,Organic,session,,True,False,3.0,6,False
u0070,u0070_j1,6,2026-01-18 19:00:00,Display,session,,True,False,4.0,6,False
u0070,u0070_j1,7,2026-01-18 19:08:00,Display,session,,True,False,5.0,6,False
u0070,u0070_j1,8,2026-01-18 19:21:00,Display,session,,True,False,6.0,6,False
u0071,u0071_j0,1,2025-04-24 23:00:00,ILS,session,,True,False,1.0,3,True
u0071,u0071_j0,2,2025-04-24 23:07:00,ILS,session,,True,False,2.0,3,True
u0071,u0071_j0,3,2025-04-24 23:12:00,ILS,session,,True,False,3.0,3,True
u0071,u0071_j0,4,2025-04-29 12:00:00,ILS,conversion,lead,False,True,,3,True
u0072,u0072_j0,1,2025-09-14 02:00:00,ILS,session,,True,False,1.0,6,False
u0072,u0072_j0,2,2025-09-14 02:01:00,ILS,session,,True,False,2.0,6,False
u0072,u0072_j0,3,2025-09-14 02:11:00,ILS,session,,True,False,3.0,6,False
u0072,u0072_j0,4,2025-10-17 08:00:00,Email,session,,True,False,4.0,6,False
u0072,u0072_j0,5,2025-10-17 08:07:00,Email,session,,True,False,5.0,6,False
u0072,u0072_j0,6,2025-10-17 08:22:00,Email,session,,True,False,6.0,6,False
u0073,u0073_j0,1,2025-05-08 06:00:00,ILS,session,,True,False,1.0,8,False
u0073,u0073_j0,2,2025-05-08 06:03:00,ILS,session,,True,False,2.0,8,False
u0073,u0073_j0,3,2025-05-08 06:22:00,ILS,session,,True,False,3.0,8,False
u0073,u0073_j0,4,2025-06-09 08:00:00,Direct,session,,True,False,4.0,8,False
u0073,u0073_j0,5,2025-06-09 08:06:00,Direct,session,,True,False,5.0,8,False
u0073,u0073_j0,6,2025-06-09 08:16:00,Direct,session,,True,False,6.0,8,False
u0073,u0073_j0,7,2026-01-12 08:00:00,ILS,session,,True,False,7.0,8,False
u0073,u0073_j0,8,2026-01-12 08:06:00,ILS,session,,True,False,8.0,8,False
u0074,u0074_j0,1,2025-09-03 02:00:00,ILS,session,,True,False,1.0,16,False
u0074,u0074_j0,2,2025-09-03 02:04:00,ILS,session,,True,False,2.0,16,False
u0074,u0074_j0,3,2025-09-03 02:17:00,ILS,session,,True,False,3.0,16,False
u0074,u0074_j0,4,2025-09-16 09:00:00,Display,session,,True,False,4.0,16,False
u0074,u0074_j0,5,2025-09-16 09:06:00,Display,session,,True,False,5.0,16,False
u0074,u0074_j0,6,2025-09-16 09:15:00,Display,session,,True,False,6.0,16,False
u0074,u0074_j0,7,2025-10-07 11:00:00,Email,session,,True,False,7.0,16,False
u0074,u0074_j0,8,2025-10-07 11:01:00,Email,session,,True,False,8.0,16,False
u0074,u0074_j0,9,2025-11-02 16:00:00,Organic,session,,True,False,9.0,16,False
u0074,u0074_j0,10,2025-11-02 16:08:00,Organic,session,,True,False,10.0,16,False
u0074,u0074_j0,11,2025-11-22 03:00:00,Display,session,,True,False,11.0,16,False
u0074,u0074_j0,12,2025-11-22 03:07:00,Display,session,,True,False,12.0,16,False
u0074,u0074_j0,13,2026-03-28 03:00:00,Paid Social,session,,True,False,13.0,16,False
u0074,u0074_j0,14,2026-03-28 03:08:00,Paid Social,session,,True,False,14.0,16,False
u0074,u0074_j0,15,2026-04-22 04:00:00,Email,session,,True,False,15.0,16,False
u0074,u0074_j0,16,2026-04-22 04:01:00,Email,session,,True,False,16.0,16,False
u0075,u0075_j0,1,2025-05-20 00:00:00,Paid Social,session,,True,False,1.0,6,True
u0075,u0075_j0,2,2025-05-20 00:07:00,Paid Social,session,,True,False,2.0,6,True
u0075,u0075_j0,3,2025-05-20 00:12:00,Paid Social,session,,True,False,3.0,6,True
u0075,u0075_j0,4,2025-05-23 09:00:00,Direct,session,,True,False,4.0,6,True
u0075,u0075_j0,5,2025-05-23 09:08:00,Direct,session,,True,False,5.0,6,True
u0075,u0075_j0,6,2025-05-23 09:23:00,Direct,session,,True,False,6.0,6,True
u0075,u0075_j0,7,2025-06-09 13:00:00,Direct,conversion,lead,False,True,,6,True
u0075,u0075_j1,1,2025-12-28 09:00:00,Paid Search,session,,True,False,1.0,12,False
u0075,u0075_j1,2,2025-12-28 09:08:00,Paid Search,session,,True,False,2.0,12,False
u0075,u0075_j1,3,2025-12-28 09:12:00,Paid Search,session,,True,False,3.0,12,False
u0075,u0075_j1,4,2026-01-03 10:00:00,Organic,session,,True,False,4.0,12,False
u0075,u0075_j1,5,2026-01-03 10:06:00,Organic,session,,True,False,5.0,12,False
u0075,u0075_j1,6,2026-01-03 10:10:00,Organic,session,,True,False,6.0,12,False
u0075,u0075_j1,7,2026-01-13 15:00:00,Display,session,,True,False,7.0,12,False
u0075,u0075_j1,8,2026-01-13 15:01:00,Display,session,,True,False,8.0,12,False
u0075,u0075_j1,9,2026-02-02 20:00:00,Paid Search,session,,True,False,9.0,12,False
u0075,u0075_j1,10,2026-02-02 20:03:00,Paid Search,session,,True,False,10.0,12,False
u0075,u0075_j1,11,2026-03-05 08:00:00,Paid Search,session,,True,False,11.0,12,False
u0075,u0075_j1,12,2026-03-05 08:03:00,Paid Search,session,,True,False,12.0,12,False
u0076,u0076_j0,1,2025-06-27 06:00:00,Organic,session,,True,False,1.0,5,True
u0076,u0076_j0,2,2025-06-27 06:07:00,Organic,session,,True,False,2.0,5,True
u0076,u0076_j0,3,2025-06-27 06:15:00,Organic,session,,True,False,3.0,5,True
u0076,u0076_j0,4,2025-06-29 17:00:00,Direct,session,,True,False,4.0,5,True
u0076,u0076_j0,5,2025-06-29 17:02:00,Direct,session,,True,False,5.0,5,True
u0076,u0076_j0,6,2025-07-16 13:00:00,Direct,conversion,lead,False,True,,5,True
u0077,u0077_j0,1,2025-09-05 06:00:00,ILS,session,,True,False,1.0,4,True
u0077,u0077_j0,2,2025-09-05 06:06:00,ILS,session,,True,False,2.0,4,True
u0077,u0077_j0,3,2025-09-13 11:00:00,Email,session,,True,False,3.0,4,True
u0077,u0077_j0,4,2025-09-13 11:03:00,Email,session,,True,False,4.0,4,True
u0077,u0077_j0,5,2025-09-23 09:00:00,Email,conversion,lead,False,True,,4,True
u0077,u0077_j1,1,2025-09-29 12:00:00,Email,conversion,tour,False,False,,8,False
u0077,u0077_j1,2,2025-10-02 14:00:00,Email,conversion,tour,False,False,,8,False
u0077,u0077_j1,3,2025-10-06 14:00:00,Email,conversion,application,False,False,,8,False
u0077,u0077_j1,4,2025-10-06 18:00:00,Organic,session,,True,False,1.0,8,False
u0077,u0077_j1,5,2025-10-06 18:03:00,Organic,session,,True,False,2.0,8,False
u0077,u0077_j1,6,2025-10-08 14:00:00,Organic,conversion,lease,False,False,,8,False
u0077,u0077_j1,7,2025-10-19 04:00:00,Email,session,,True,False,3.0,8,False
u0077,u0077_j1,8,2025-10-19 04:03:00,Email,session,,True,False,4.0,8,False
u0077,u0077_j1,9,2025-10-19 04:23:00,Email,session,,True,False,5.0,8,False
u0077,u0077_j1,10,2025-11-08 13:00:00,Email,session,,True,False,6.0,8,False
u0077,u0077_j1,11,2025-11-08 13:01:00,Email,session,,True,False,7.0,8,False
u0077,u0077_j1,12,2025-11-08 13:15:00,Email,session,,True,False,8.0,8,False
u0078,u0078_j0,1,2025-06-04 23:00:00,ILS,session,,True,False,1.0,5,True
u0078,u0078_j0,2,2025-06-04 23:05:00,ILS,session,,True,False,2.0,5,True
u0078,u0078_j0,3,2025-06-04 23:16:00,ILS,session,,True,False,3.0,5,True
u0078,u0078_j0,4,2025-06-16 00:00:00,Email,session,,True,False,4.0,5,True
u0078,u0078_j0,5,2025-06-16 00:08:00,Email,session,,True,False,5.0,5,True
u0078,u0078_j0,6,2025-06-23 00:00:00,Email,conversion,lead,False,True,,5,True
u0078,u0078_j1,1,2026-01-19 00:00:00,ILS,session,,True,False,1.0,3,True
u0078,u0078_j1,2,2026-01-19 00:05:00,ILS,session,,True,False,2.0,3,True
u0078,u0078_j1,3,2026-01-19 00:11:00,ILS,session,,True,False,3.0,3,True
u0078,u0078_j1,4,2026-01-22 08:00:00,ILS,conversion,lead,False,True,,3,True
u0078,u0078_j2,1,2026-01-22 12:00:00,Organic,session,,True,False,1.0,7,False
u0078,u0078_j2,2,2026-01-22 12:04:00,Organic,session,,True,False,2.0,7,False
u0078,u0078_j2,3,2026-01-22 12:20:00,Organic,session,,True,False,3.0,7,False
u0078,u0078_j2,4,2026-02-02 01:00:00,Organic,conversion,tour,False,False,,7,False
u0078,u0078_j2,5,2026-02-20 20:00:00,Display,session,,True,False,4.0,7,False
u0078,u0078_j2,6,2026-02-20 20:03:00,Display,session,,True,False,5.0,7,False
u0078,u0078_j2,7,2026-03-07 02:00:00,Display,session,,True,False,6.0,7,False
u0078,u0078_j2,8,2026-03-07 02:01:00,Display,session,,True,False,7.0,7,False
u0079,u0079_j0,1,2025-05-19 07:00:00,ILS,session,,True,False,1.0,2,True
u0079,u0079_j0,2,2025-05-19 07:03:00,ILS,session,,True,False,2.0,2,True
u0079,u0079_j0,3,2025-05-23 12:00:00,ILS,conversion,lead,False,True,,2,True
u0079,u0079_j1,1,2025-06-21 17:00:00,Display,session,,True,False,1.0,11,False
u0079,u0079_j1,2,2025-06-21 17:08:00,Display,session,,True,False,2.0,11,False
u0079,u0079_j1,3,2025-06-21 17:17:00,Display,session,,True,False,3.0,11,False
u0079,u0079_j1,4,2025-06-28 19:00:00,Email,session,,True,False,4.0,11,False
u0079,u0079_j1,5,2025-06-28 19:08:00,Email,session,,True,False,5.0,11,False
u0079,u0079_j1,6,2025-06-28 19:11:00,Email,session,,True,False,6.0,11,False
u0079,u0079_j1,7,2025-07-25 19:00:00,Organic,session,,True,False,7.0,11,False
u0079,u0079_j1,8,2025-07-25 19:06:00,Organic,session,,True,False,8.0,11,False
u0079,u0079_j1,9,2025-07-25 19:24:00,Organic,session,,True,False,9.0,11,False
u0079,u0079_j1,10,2025-08-13 05:00:00,Organic,session,,True,False,10.0,11,False
u0079,u0079_j1,11,2025-08-13 05:02:00,Organic,session,,True,False,11.0,11,False
u0080,u0080_j0,1,2025-08-19 08:00:00,Organic,session,,True,False,1.0,5,True
u0080,u0080_j0,2,2025-08-19 08:03:00,Organic,session,,True,False,2.0,5,True
u0080,u0080_j0,3,2025-08-19 08:09:00,Organic,session,,True,False,3.0,5,True
u0080,u0080_j0,4,2025-08-28 17:00:00,Paid Social,session,,True,False,4.0,5,True
u0080,u0080_j0,5,2025-08-28 17:04:00,Paid Social,session,,True,False,5.0,5,True
u0080,u0080_j0,6,2025-08-29 10:00:00,Paid Social,conversion,lead,False,True,,5,True
u0080,u0080_j1,1,2025-09-01 10:00:00,Paid Social,conversion,tour,False,False,,2,False
u0080,u0080_j1,2,2025-09-10 11:00:00,Paid Social,conversion,tour,False,False,,2,False
u0080,u0080_j1,3,2025-09-30 05:00:00,Paid Social,session,,True,False,1.0,2,False
u0080,u0080_j1,4,2025-09-30 05:03:00,Paid Social,session,,True,False,2.0,2,False
u0081,u0081_j0,1,2026-05-28 09:00:00,Paid Search,session,,True,False,1.0,1,True
u0081,u0081_j0,2,2026-05-30 09:00:00,Email,conversion,lead,False,True,,1,True
u0081,u0081_j1,1,2026-06-18 09:00:00,Direct,conversion,tour,False,False,,0,False
u0082,u0082_j0,1,2026-05-17 09:00:00,Paid Social,session,,True,False,1.0,1,True
u0082,u0082_j0,2,2026-05-21 09:00:00,Email,conversion,lead,False,True,,1,True
u0082,u0082_j1,1,2026-06-18 09:00:00,Direct,conversion,tour,False,False,,0,False
u0083,u0083_j0,1,2026-06-13 09:00:00,Paid Social,session,,True,False,1.0,1,True
u0083,u0083_j0,2,2026-06-17 09:00:00,Email,conversion,lead,False,True,,1,True
u0083,u0083_j1,1,2026-06-18 09:00:00,Direct,conversion,tour,False,False,,0,False
u0084,u0084_j0,1,2026-06-07 09:00:00,Paid Social,session,,True,False,1.0,1,True
u0084,u0084_j0,2,2026-06-11 09:00:00,Email,conversion,lead,False,True,,1,True
u0084,u0084_j1,1,2026-06-18 09:00:00,Direct,conversion,tour,False,False,,0,False
u0085,u0085_j0,1,2026-05-05 09:00:00,ILS,session,,True,False,1.0,1,True
u0085,u0085_j0,2,2026-05-11 09:00:00,Email,conversion,lead,False,True,,1,True
u0085,u0085_j1,1,2026-06-18 09:00:00,Direct,conversion,tour,False,False,,0,False
